State,ElectionYear,StateAvgTurnout
Lagos,2019,96.45125221
Kano,2019,97.73463462
Rivers,2019,98.83848233
Abuja,2019,98.49970313
Lagos,2023,97.97150946
Kano,2023,99.5090641
Rivers,2023,99.52050461
Abuja,2023,99.36771354
